md5,sha1,file_extension,Class,Category,Family
8cdb44784db0b79ec7104baf1dea0df6,75cd0d7b00d9b82ef67ad955aafc2da7f71b8fb6,exe,Benign,Benign,NVIDIA
8aec8e449715ef405d7c95a5b3e3fd18,0a6dd165b5a3935ad623ebd8802316171d6bd817,exe,Benign,Benign,Bookshelf Installer
8cdb44784db0b79ec7104baf1dea0df6,75cd0d7b00d9b82ef67ad955aafc2da7f71b8fb6,exe,Benign,Benign,NVIDIA
8aec8e449715ef405d7c95a5b3e3fd18,0a6dd165b5a3935ad623ebd8802316171d6bd817,exe,Benign,Benign,Bookshelf Installer
8cdb44784db0b79ec7104baf1dea0df6,75cd0d7b00d9b82ef67ad955aafc2da7f71b8fb6,exe,Benign,Benign,NVIDIA_Broadcast
8aec8e449715ef405d7c95a5b3e3fd18,0a6dd165b5a3935ad623ebd8802316171d6bd817,exe,Benign,Benign,Bookshelf Installer
865faa2129ce4385d5ae97e88d8c8d86,45cd684b2f393ec098b172fbe475d4f8af375af6,exe,Malware,Ransomware,Asking Ransom
e8cc41366b0f9f098dc220de2afe2dd8,e8136cf26e75f2aa585e3916001d41d922f380ec,exe,Benign,Benign,Benign
8d80f5a57fbeda4f994ef00d4c43cff6,a332b689a203398f220c932af6010d11c23608ae,exe,Benign,Benign,Benign
dfe50b37d4fec1247d0d02dacf784c05,c857045a57b702b3c804213d397ee957bbb9c0df,exe,Benign,Benign,Benign
d7acf5665107f2ea9cf3b894c11dd002,6efb9d31f8330afea3fb18f9e71a4675fab7c2da,exe,Malware,Ransomware,Asking Ransom
40ad8667fb8ed54561c2bfd4fcfab76b,13fb3a5fba16dcfc9add2d85b75395092a80054d,exe,Benign,Benign,Benign
f69ebc705d7a93a31d43d3d4711d6403,ef2991c765d4128cc39cef427055b084261d6771,exe,Malware,Ransomware,Gandcrab
6cffdd73b703cf14c325e2f922eb8e10,1aedd535d4b98b002a87849fda7b6beb54fa91c0,exe,Benign,Benign,Benign
19ebe16780488b3b08b59425e7231e3e,061208ff293ac9015183491c5fdc47ea7687b382,exe,Benign,Benign,Benign
6758f8aee3488dbe68c9b474d11b7c09,500ace646431382e429862516a816e71d62855ff,dll,Benign,Benign,Benign
796c56d85a41b53ebd6d18f0a09c73b5,28e561bcc1f85c3c54507e5d2d97c212f9cce8ca,dll,Benign,Benign,Benign
56a8f4f8f019e1b09369bf2138b56588,863af96fcd78fb54fcaaaf4ce9a07b12d4235500,dll,Benign,Benign,Benign
15f3c06d69ecce79552d8c84b1153a1e,8bfe2cad35e7ed54cb1e570520ffa9a5e129de51,dll,Benign,Benign,Benign
12be7e99c4323ab24b704217e4605f33,7d97c35e0d70341e6b8fc11f7caa075a73bafe8b,dll,Benign,Benign,Benign
fc67b593fea9e5041a3ebbb1d63cc6e2,6149407959f7f1f8049ec89debbac0224b9d313b,dll,Benign,Benign,Benign
c9aead0b44ca448e8de83b94750d44ce,3810fedb4d552849256c33aabe6c35d79013033a,dll,Benign,Benign,Benign
74d28c728dd1a065924132ae160beff5,7787637e247e256947c2d34df5c58bbbec5b5f1f,dll,Benign,Benign,Benign
75c7f5339f085082522d71294fa4c3a6,0b45dc77b9e5ac26b364756fe8b39d64e42f6761,dll,Benign,Benign,Benign
1034b4c29f19a19b632743326e1ff771,079fec3a020ab1031f0d47782a8238386f4f3f62,dll,Benign,Benign,Benign
dbe8ac845032de6a29a01e7a8bfa6595,b2b2e984380c6c05eefd824a0478d623dd3e84b7,dll,Benign,Benign,Benign
ae5132c8595181cf05dc7cca5ca723f2,0a1f017457adfa7146107b02e6c541ec79a50f44,dll,Benign,Benign,Benign
da6e95b036eccdcdab3bc6069c8cedae,54338be7dbaed3ae020b04e6270de418b7b1b69e,dll,Benign,Benign,Benign
84fcdc8e69dcb800756c8ccab6eb0139,6f248bfeff341105899173e9575002b4474fb8d0,dll,Benign,Benign,Benign
6d13a3ed4e60106177e88ab4010569dc,1080fa5c0c033258fdf9af3542fcffab586dd830,dll,Benign,Benign,Benign
3a4d2b82eed4632ad773b92834cf8615,9e07fa2dcc36b859a8848d120df6c70b1a4437cd,dll,Benign,Benign,Benign
a1fd2e1f3e20518c102455b80654a506,62904587b2d1acb270ce4ddb09829bb9d0963b3d,dll,Benign,Benign,Benign
341c352fd602cc3f6d32ad3c7a604ca6,2955d5c492f0104de1bd727b0d34eb814d09fbf7,dll,Benign,Benign,Benign
2090a00c17fe86651d5b32b46f92f6b1,90495206e91fc0d5edd0c9b6dc72b3fc8f95471b,dll,Benign,Benign,Benign
e1055938aa1405e106433dcf9865c70e,bfa7284e84448530f4f17d5b4e4cd02e8729cf12,dll,Benign,Benign,Benign
66cb49e507917409940e4d43ed67ab91,64a3b351ce6955ac41553984868b56d11a73e57e,dll,Benign,Benign,Benign
21a340b24d55d0278bc949c5249d2169,3c1e54534fff816609e9b6b45ac37c7f225411a0,dll,Benign,Benign,Benign
6ed69ef4309e1d822ed3cb932f78dc07,40dffe5b926dbc912cb7c4c4fa540049e7ff37ce,dll,Benign,Benign,Benign
0eca4bfcd4018811e945c50db46ff9fb,2a3bb32f44ec2057b9befa66ffbc3eba9d9d750b,dll,Benign,Benign,Benign
7b00e2a659d323ad29f7ecd06487c91f,f8c2c3a856a2226db09eed429de8326c5a3dc0e4,dll,Benign,Benign,Benign
8aeb6bd5580d77be52e3afea1e71dd48,f5ad96c00a0ed526cb1a2f54f0bd51910319a1d0,dll,Benign,Benign,Benign
20771a7e2be8efa6bfb3973dc4503820,a6636131cbfdbab7da8e0184b1de7b088dc61000,dll,Benign,Benign,Benign
3c351e6c503b9e6639dbbd9683c59f67,bdce17a3dff6afb1c53b3c45358725a64fc9f99c,dll,BenignBenignBenign,Benign,Benign
40b6727c5c79a868c9a8ce707a2db322,096d14dcd5f4b72c801023521e210fbc09e959f0,dll,Benign,Benign,Benign
eca0016736bb2ec25fc67f9e9f0759d8,2cc5973ce9d1f0f7425a44ae0e378597295bc011,dll,Benign,Benign,Benign
72cc5863651b71ce4a72c560e9642df4,e2a0508f1c29dceb3a6942bfc563ce9a86bb204f,dll,BenignBenign,Benign,Benign
1f0bc24d9116515226c17c313e2f0b2c,2b60ab38b410714b499dda8ce6b72501b33a51f9,dll,Benign,Benign,Benign
bc219ab28fb1d88edae3da2fb296fcc6,1d83e3524f05758be84bf13fd23dfedacccda411,dll,Benign,Benign,Benign
61dda8999421ec5bb0293972f1e7c482,ee44f9d64e71426fc2028e535810d1eb36f47ad5,dll,Benign,Benign,Benign
c65d65349df5cef27bbc62b01097721f,e6c52534595f35f6c8e46f0f9674b98075c4305c,dll,Benign,Benign,Benign
506cbb0bc39e02a3a59eaa530aed45ac,c65efeca3b479f52151f01c2e2b8f6283d9fa68f,dll,Benign,Benign,Benign
af11584ffdf901ee5b33decb835327d9,787312a11dd81c332a6e03a2a70db9dbcc6845f1,dll,Benign,Benign,Benign
077dfe3d31200aae0f7f1501e24703e2,3ac4eb87fda328f8315b3d576e5f765551b319b8,dll,Benign,Benign,Benign
4498861d0b1434c62cb029209cdcbeb0,90fbf2e25bf053a98ca0a8fe504ecf2d9c15b1b6,dll,Benign,Benign,Benign
9ecb733cf14bbff80b005ddb38540497,2f725f35a6602dc6a70a8339e90721d9e37dadb4,dll,Benign,Benign,Benign
07e8e4b26c9ab9148898d0f9f59023b3,c22500c8b6726a1976347e3af87275cd4240c192,dll,Benign,Benign,Benign
ca72943b95ece5777b3a32e057637210,5d4e0de09be53043fba47d8f0acbc9f0707952cf,dll,Benign,Benign,Benign
f41751868b07f6a625a8e8262d67236d,f9e5c56ca4841976be6c37a6a938d8ee344ac97e,dll,Benign,Benign,Benign
9cd0aff3e05fca90bf9a227c94669df6,2330e02db78010c44838f5c542edc7d4e1be00c8,dll,Benign,Benign,Benign
943fc74c2e39fe803d828ccfa7e62409,4e55d591111316027ae4402dfdfcf8815d541727,dll,Benign,Benign,Benign
d00d9d7b9e0215553c30bb974009356b,4608882531ad0c106732682cbe746d911c38fc9a,dll,Benign,Benign,Benign
2f6cceae1d861df553a6ebb64b6862ef,87e64271eafadd1ae9246d9bc3020b4b8f7255d3,exe,Benign,Benign,Benign
0641e48e809dc237eea9490f55b1d0cf,d8fd0b496054844afd57a6a60281a80e7fef2817,exe,Benign,Benign,Benign
1d5930298d1e095c746f00ef11f3ad3b,eaf1fba73a1c5c929bf91c8435c18034a093d8d8,exe,Benign,Benign,Benign
